{
    "metrics": {
        "accuracy": 0.8732394366197183,
        "precision": 0.8117647058823529,
        "recall": 0.971830985915493,
        "f1_score": 0.8846153846153846,
        "roc_auc": 0.9775838127355684
    },
    "confusion_matrix": [
        [
            55,
            16
        ],
        [
            2,
            69
        ]
    ],
    "model_type": "RandomForestClassifier"
}